1744136257005,BTCUSDT,77361.7,3.00938e+08
1744136259005,BTCUSDT,77361.7,3.0094e+08
1744136260005,BTCUSDT,77361.7,3.0094e+08
1744136261005,BTCUSDT,77361.7,3.0094e+08
1744136262005,BTCUSDT,77361.7,3.00944e+08
1744136263005,BTCUSDT,77240,3.00911e+08
1744136264005,BTCUSDT,77382,3.00933e+08
1744136267006,BTCUSDT,77382,3.00932e+08
1744136268005,BTCUSDT,77381.4,3.00934e+08
1744136269008,BTCUSDT,77381.4,3.00934e+08
1744136270007,BTCUSDT,77381.4,3.0093e+08
1744136273006,BTCUSDT,77370,3.00875e+08
1744136274005,BTCUSDT,77370,3.00877e+08
1744136275004,BTCUSDT,77370,3.00879e+08
1744136276005,BTCUSDT,77370,3.00881e+08
1744136277004,BTCUSDT,77370,3.00881e+08
1744136278005,BTCUSDT,77382,3.00811e+08
1744136281005,BTCUSDT,77382,3.00811e+08
1744136282004,BTCUSDT,77382,3.00811e+08
1744136284007,BTCUSDT,77382,3.0081e+08
1744136286005,BTCUSDT,77370,3.00807e+08
1744136287007,BTCUSDT,77370,3.00811e+08
1744136288004,BTCUSDT,77370,3.00814e+08
1744136290005,BTCUSDT,77369.3,3.00848e+08
1744136292004,BTCUSDT,77369.3,3.00848e+08
1744136298007,BTCUSDT,77369.3,3.00844e+08
1744136303006,BTCUSDT,77368,3.00857e+08
1744136304005,BTCUSDT,77368,3.00857e+08
1744136308005,BTCUSDT,77367.9,3.00865e+08
1744136309004,BTCUSDT,77342,3.00864e+08
1744136311006,BTCUSDT,77339.9,3.00917e+08
1744136315005,BTCUSDT,77339.9,3.0089e+08
1744136320004,BTCUSDT,77342,3.00893e+08
1744136321005,BTCUSDT,77339.9,3.00892e+08
1744136327006,BTCUSDT,77339.9,3.00891e+08
1744136333005,BTCUSDT,77339.9,3.00862e+08
1744136334006,BTCUSDT,77370,3.00903e+08
1744136335004,BTCUSDT,77375.4,3.00921e+08
1744136337007,BTCUSDT,77375.4,3.0092e+08
1744136339005,BTCUSDT,77375.4,3.0092e+08
1744136341004,BTCUSDT,77376,3.00921e+08
1744136344006,BTCUSDT,77376,3.008e+08
1744136345004,BTCUSDT,77376,3.008e+08
1744136347005,BTCUSDT,77376,3.00793e+08
1744136350004,BTCUSDT,77375.4,3.00793e+08
1744136351005,BTCUSDT,77376,3.00808e+08
1744136354004,BTCUSDT,77376,3.00792e+08
1744136356006,BTCUSDT,77375.4,3.00791e+08
1744136357009,BTCUSDT,77375.4,3.00793e+08
1744136358005,BTCUSDT,77375.4,3.00795e+08
1744136359005,BTCUSDT,77375.4,3.00797e+08
1744136360005,BTCUSDT,77382.1,3.00839e+08
1744136362005,BTCUSDT,77375.4,3.00823e+08
1744136363005,BTCUSDT,77375.4,3.00823e+08
1744136367006,BTCUSDT,77375.4,3.0079e+08
1744136369007,BTCUSDT,77375.4,3.0079e+08
1744136370006,BTCUSDT,77382.1,3.00793e+08
1744136371006,BTCUSDT,77382.1,3.00791e+08
1744136373005,BTCUSDT,77378,3.00793e+08
1744136379005,BTCUSDT,77378,3.00792e+08
1744136385005,BTCUSDT,77378,3.0079e+08
1744136390006,BTCUSDT,77378,3.00808e+08
1744136392007,BTCUSDT,77383.2,3.00809e+08
1744136393005,BTCUSDT,77383.2,3.00811e+08
1744136394006,BTCUSDT,77383.2,3.00771e+08
1744136395004,BTCUSDT,77383.2,3.00769e+08
1744136396005,BTCUSDT,77378,3.00764e+08
1744136400008,BTCUSDT,77378,3.00763e+08
1744136401004,BTCUSDT,77400,3.00804e+08
1744136402005,BTCUSDT,77378,3.00804e+08
1744136404006,BTCUSDT,77378,3.00805e+08
1744136405006,BTCUSDT,77378,3.00806e+08
1744136410005,BTCUSDT,77403.1,3.00839e+08
1744136411005,BTCUSDT,77403.9,3.00847e+08
1744136413004,BTCUSDT,77378,3.00847e+08
1744136419005,BTCUSDT,77430.5,3.00967e+08
1744136424005,BTCUSDT,77430.5,3.00934e+08
1744136430005,BTCUSDT,77430.5,3.00889e+08
1744136434005,BTCUSDT,77430.6,3.00907e+08
1744136440004,BTCUSDT,77430.6,3.00907e+08
1744136448004,BTCUSDT,77439.9,3.00866e+08
1744136461005,BTCUSDT,77452,3.0082e+08
1744136462005,BTCUSDT,77452,3.0082e+08
1744136464004,BTCUSDT,77452,3.00822e+08
1744136465004,BTCUSDT,77452,3.00822e+08
1744136467004,BTCUSDT,77452,3.00838e+08
1744208980004,BTCUSDT,77555.7,3.13169e+08
1744208982007,BTCUSDT,77555.7,3.13169e+08
1744208986004,BTCUSDT,77555.7,3.13169e+08
1744208987005,BTCUSDT,77555.7,3.13169e+08
1744208991005,BTCUSDT,77602,3.13164e+08
1744208992004,BTCUSDT,77600.6,3.13166e+08
1744208993004,BTCUSDT,77540.6,3.13228e+08
1744208996005,BTCUSDT,77540.6,3.13192e+08
1744208997004,BTCUSDT,77602.1,3.13182e+08
1744208999005,BTCUSDT,77602.1,3.1318e+08
1744209000006,BTCUSDT,77602.1,3.13179e+08
1744209001004,BTCUSDT,77602.1,3.13228e+08
1744209002007,BTCUSDT,77604,3.13287e+08
1744209003005,BTCUSDT,77604,3.13296e+08
1744209004006,BTCUSDT,77604,3.13295e+08
1744209005005,BTCUSDT,77604,3.13278e+08
1744209006005,BTCUSDT,77602,3.13337e+08
1744209009006,BTCUSDT,77602,3.13332e+08
1744209010008,BTCUSDT,77602,3.13329e+08
1744209011005,BTCUSDT,77604,3.13329e+08
1744209013006,BTCUSDT,77602,3.13326e+08
1744209016006,BTCUSDT,77601.3,3.13345e+08
1744209018005,BTCUSDT,77601.3,3.13299e+08
1744209020005,BTCUSDT,77606,3.13361e+08
1744209022004,BTCUSDT,77600,3.13324e+08
1744209024005,BTCUSDT,77600,3.13321e+08
1744209025006,BTCUSDT,77607.3,3.13359e+08
1744209027008,BTCUSDT,77585.1,3.13363e+08
1744209029007,BTCUSDT,77585.1,3.1336e+08
1744209030005,BTCUSDT,77586,3.13368e+08
1744209031004,BTCUSDT,77584.6,3.13385e+08
1744209033005,BTCUSDT,77586,3.13308e+08
1744209035005,BTCUSDT,77584.6,3.13306e+08
1744209038007,BTCUSDT,77584.6,3.13304e+08
1744209039007,BTCUSDT,77586.1,3.13304e+08
1744209044005,BTCUSDT,77584,3.13337e+08
1744209049005,BTCUSDT,77586.1,3.13332e+08
1744209051005,BTCUSDT,77584,3.13332e+08
1744209052004,BTCUSDT,77579.5,3.13373e+08
1744209054005,BTCUSDT,77576,3.13348e+08
1744209055004,BTCUSDT,77578,3.13358e+08
1744209064007,BTCUSDT,77580,3.13306e+08
1744209065005,BTCUSDT,77580,3.13305e+08
1744209066008,BTCUSDT,77576,3.13359e+08
1744209068006,BTCUSDT,77586.1,3.13382e+08
1744209069005,BTCUSDT,77564,3.13385e+08
1744209073005,BTCUSDT,77564,3.13382e+08
1744209074005,BTCUSDT,77577.3,3.13382e+08
1744209077005,BTCUSDT,77577.3,3.13392e+08
1744209084009,BTCUSDT,77577.3,3.13383e+08
1744209088006,BTCUSDT,77548,3.1339e+08
1744209089005,BTCUSDT,77548,3.1339e+08
1744209091005,BTCUSDT,77548,3.1339e+08
1744209095005,BTCUSDT,77548,3.13391e+08
1744209100004,BTCUSDT,77548,3.13388e+08
1744209101005,BTCUSDT,77688,3.13549e+08
1744209102004,BTCUSDT,77688,3.13549e+08
1744209403004,BTCUSDT,77789.5,3.14333e+08
1744209404004,BTCUSDT,77789.5,3.14334e+08
1744209405005,BTCUSDT,77789.5,3.14334e+08
1744209406004,BTCUSDT,77789.5,3.14334e+08
1744209407005,BTCUSDT,77789.5,3.14336e+08
1744209408005,BTCUSDT,77789.5,3.14337e+08
1744209411004,BTCUSDT,77789.5,3.14337e+08
1744209412006,BTCUSDT,77789.5,3.14337e+08
1744209415004,BTCUSDT,77789.5,3.14337e+08
1744209416004,BTCUSDT,77789.5,3.14313e+08
1744209417007,BTCUSDT,77789.5,3.14313e+08
1744209421004,BTCUSDT,77789.5,3.14313e+08
1744209425004,BTCUSDT,77789.5,3.14311e+08
1744209429006,BTCUSDT,77789.5,3.14274e+08
1744209431008,BTCUSDT,77788.8,3.1431e+08
1744209434004,BTCUSDT,77788.8,3.14306e+08
1744209435004,BTCUSDT,77788.8,3.14306e+08
1744209436004,BTCUSDT,77787.3,3.1428e+08
1744209437004,BTCUSDT,77787.3,3.14282e+08
1744209439004,BTCUSDT,77787.3,3.14284e+08
1744209441005,BTCUSDT,77787.3,3.14284e+08
1744209442005,BTCUSDT,77787.3,3.14286e+08
1744209443004,BTCUSDT,77787.3,3.14278e+08
1744209444005,BTCUSDT,77784,3.14347e+08
1744209447006,BTCUSDT,77784,3.14323e+08
1744209448004,BTCUSDT,77787.3,3.14323e+08
1744209449005,BTCUSDT,77787.3,3.14324e+08
1744209599007,BTCUSDT,77532.6,3.14477e+08
1744209600005,BTCUSDT,77532.8,3.14479e+08
1744209601006,BTCUSDT,77536,3.14462e+08
1744209602006,BTCUSDT,77536,3.14462e+08
1744209603005,BTCUSDT,77536.9,3.14464e+08
1744209604004,BTCUSDT,77536.9,3.14464e+08
1744209605005,BTCUSDT,77536.9,3.14457e+08
1744209606004,BTCUSDT,77536.9,3.14459e+08
1744209607004,BTCUSDT,77536.9,3.14461e+08
1744209610006,BTCUSDT,77536.9,3.14438e+08
1744209612004,BTCUSDT,77532.6,3.14444e+08
1744209613004,BTCUSDT,77538,3.1452e+08
1744209614005,BTCUSDT,77538,3.14522e+08
1744209615008,BTCUSDT,77538,3.14524e+08
1744209616009,BTCUSDT,77519.7,3.14524e+08
1744209617004,BTCUSDT,77519.7,3.14524e+08
1744209618004,BTCUSDT,77538,3.14526e+08
1744209619004,BTCUSDT,77538,3.14527e+08
1744209620005,BTCUSDT,77519.7,3.14542e+08
1744209621005,BTCUSDT,77538,3.14542e+08
1744209624005,BTCUSDT,77519.7,3.14525e+08
1744209626006,BTCUSDT,77519.7,3.14525e+08
1744209627004,BTCUSDT,77518,3.14591e+08
1744209628005,BTCUSDT,77518,3.14593e+08
1744209629005,BTCUSDT,77518,3.14594e+08
1744209631006,BTCUSDT,77518,3.14594e+08
1744209632004,BTCUSDT,77500,3.14611e+08
1744209633004,BTCUSDT,77500.1,3.14613e+08
1744209634004,BTCUSDT,77500.1,3.14615e+08
1744209635007,BTCUSDT,77500.1,3.14647e+08
1744209731006,BTCUSDT,77533.9,3.14568e+08
1744209732004,BTCUSDT,77533.9,3.14575e+08
1744209734005,BTCUSDT,77533.9,3.14559e+08
1744209735005,BTCUSDT,77533.9,3.14559e+08
1744209736006,BTCUSDT,77533.9,3.14559e+08
1744209737005,BTCUSDT,77533.9,3.14559e+08
1744209738005,BTCUSDT,77543.1,3.14516e+08
1744209741006,BTCUSDT,77543.1,3.14512e+08
1744209742004,BTCUSDT,77543.1,3.14512e+08
1744209745004,BTCUSDT,77552.7,3.14501e+08
1744209747004,BTCUSDT,77554,3.145e+08
1744209749004,BTCUSDT,77554,3.14508e+08
1744209752005,BTCUSDT,77554,3.14508e+08
1744209753006,BTCUSDT,77554,3.14498e+08
1744209756005,BTCUSDT,77553.7,3.14498e+08
1744209757004,BTCUSDT,77552.2,3.14525e+08
1744209761006,BTCUSDT,77547.6,3.14483e+08
1744209763004,BTCUSDT,77547.6,3.14482e+08
1744209765005,BTCUSDT,77547.6,3.14482e+08
1744209766004,BTCUSDT,77547.6,3.14482e+08
1744209768005,BTCUSDT,77548,3.14547e+08
1744209769005,BTCUSDT,77558.3,3.14604e+08
1744209770004,BTCUSDT,77558.3,3.14604e+08
1744209772006,BTCUSDT,77547.5,3.14596e+08
1744209773006,BTCUSDT,77547.5,3.14597e+08
1744209775005,BTCUSDT,77547.5,3.14597e+08
1744209776005,BTCUSDT,77558.6,3.14613e+08
1744209780005,BTCUSDT,77565.2,3.1458e+08
1744209781005,BTCUSDT,77565.2,3.1458e+08
1744209784006,BTCUSDT,77570.4,3.14667e+08
1744209786004,BTCUSDT,77565.2,3.14671e+08
1744209788006,BTCUSDT,77565.2,3.14671e+08
1744209789004,BTCUSDT,77565.2,3.14654e+08
1744209790004,BTCUSDT,77564,3.14663e+08
1744209794005,BTCUSDT,77547.6,3.14647e+08
1744209797006,BTCUSDT,77547.6,3.14647e+08
1744209802006,BTCUSDT,77533.5,3.14705e+08
1744209803004,BTCUSDT,77526.5,3.14705e+08
1744209805005,BTCUSDT,77524.3,3.14705e+08
1744209806004,BTCUSDT,77524.3,3.14705e+08
1744209807005,BTCUSDT,77524.3,3.14679e+08
1744209808004,BTCUSDT,77524.3,3.14679e+08
1744209812005,BTCUSDT,77524.3,3.14679e+08
1744209815005,BTCUSDT,77526.5,3.14644e+08
1744209816005,BTCUSDT,77526.5,3.14644e+08
1744209824005,BTCUSDT,77524.3,3.14621e+08
1744209826005,BTCUSDT,77524.3,3.14639e+08
1744209827005,BTCUSDT,77524.3,3.1464e+08
1744209828005,BTCUSDT,77524.3,3.1464e+08
1744209830004,BTCUSDT,77526.5,3.14642e+08
1744209832007,BTCUSDT,77526.5,3.14625e+08
1744209833006,BTCUSDT,77528,3.14627e+08
1744209834004,BTCUSDT,77528,3.14629e+08
1744209835005,BTCUSDT,77528,3.1463e+08
1744209836004,BTCUSDT,77528,3.14631e+08
1744209837006,BTCUSDT,77528,3.14633e+08
1744209839005,BTCUSDT,77528,3.14633e+08
1744209840004,BTCUSDT,77530,3.14668e+08
1744209841004,BTCUSDT,77544,3.14668e+08
1744209842005,BTCUSDT,77544,3.14668e+08
1744209845004,BTCUSDT,77543.9,3.14668e+08
1744209846005,BTCUSDT,77543.9,3.14651e+08
1744209850004,BTCUSDT,77542.6,3.14651e+08
1744209851005,BTCUSDT,77542.6,3.14649e+08
1744209859006,BTCUSDT,77541.2,3.14665e+08
1744209865005,BTCUSDT,77540.1,3.14675e+08
1744209870005,BTCUSDT,77524,3.14686e+08
1744209871006,BTCUSDT,77524,3.14673e+08
1744209874005,BTCUSDT,77524,3.14673e+08
1744209875004,BTCUSDT,77524,3.14673e+08
1744209879004,BTCUSDT,77515.9,3.14673e+08
1744209880004,BTCUSDT,77516,3.14672e+08
1744209885006,BTCUSDT,77518,3.14674e+08
1744209887005,BTCUSDT,77516.9,3.14674e+08
1744209890006,BTCUSDT,77516.9,3.14663e+08
1744209894008,BTCUSDT,77516,3.14713e+08
1744209896004,BTCUSDT,77516,3.14713e+08
1744209898005,BTCUSDT,77515.9,3.14668e+08
1744209901005,BTCUSDT,77512.9,3.14707e+08
1744209903004,BTCUSDT,77516,3.14707e+08
1744209905005,BTCUSDT,77512.9,3.14682e+08
1744209906006,BTCUSDT,77512.9,3.1468e+08
1744209907007,BTCUSDT,77512.9,3.14684e+08
1744209908006,BTCUSDT,77499.9,3.14709e+08
1744209909006,BTCUSDT,77468,3.14706e+08
1744209910005,BTCUSDT,77468,3.14706e+08
1744209911004,BTCUSDT,77468,3.14706e+08
1744209913006,BTCUSDT,77465.2,3.14732e+08
1744209915004,BTCUSDT,77465.2,3.14728e+08
1744209916005,BTCUSDT,77465.2,3.14726e+08
1744209917006,BTCUSDT,77465.2,3.14694e+08
1744209918004,BTCUSDT,77468,3.14737e+08
1744209919005,BTCUSDT,77478,3.14734e+08
1744209920005,BTCUSDT,77478,3.14735e+08
1744209922006,BTCUSDT,77478,3.14741e+08
1744209924004,BTCUSDT,77478,3.14737e+08
1744209927005,BTCUSDT,77490.9,3.14757e+08
1744209928004,BTCUSDT,77490.9,3.14746e+08
1744209929005,BTCUSDT,77477.8,3.14744e+08
1744209931004,BTCUSDT,77476.9,3.14802e+08
1744209936006,BTCUSDT,77476.9,3.14813e+08
1744209940005,BTCUSDT,77470,3.14804e+08
1744209941005,BTCUSDT,77470,3.14804e+08
1744209945005,BTCUSDT,77470,3.14721e+08
1744210782007,BTCUSDT,77070.3,3.16447e+08
1744210783006,BTCUSDT,77070.3,3.16449e+08
1744210784005,BTCUSDT,77070.3,3.16451e+08
1744210785005,BTCUSDT,77070.3,3.16449e+08
1744210786004,BTCUSDT,77070.3,3.16447e+08
1744210788005,BTCUSDT,77081.8,3.16447e+08
1744210790004,BTCUSDT,77081.8,3.16445e+08
1744210791005,BTCUSDT,77080,3.16446e+08
1744210792005,BTCUSDT,77080,3.16446e+08
1744210793006,BTCUSDT,77080,3.16445e+08
1744210794007,BTCUSDT,77080,3.16447e+08
1744210795004,BTCUSDT,77080,3.16447e+08
1744210796008,BTCUSDT,77080,3.1651e+08
1744210797004,BTCUSDT,77080,3.16511e+08
1744210798005,BTCUSDT,77080,3.16513e+08
1744210799005,BTCUSDT,77080,3.16515e+08
1744210800006,BTCUSDT,77080,3.16542e+08
1744210801005,BTCUSDT,77080,3.16544e+08
1744210802006,BTCUSDT,77078.1,3.16527e+08
1744210803005,BTCUSDT,77081.8,3.1654e+08
1744210806005,BTCUSDT,77081.8,3.16538e+08
1744210808005,BTCUSDT,77081.8,3.1654e+08
1744210809005,BTCUSDT,77079.2,3.16542e+08
1744210810005,BTCUSDT,77079.2,3.16544e+08
1744210811008,BTCUSDT,77079.2,3.16545e+08
1744210812005,BTCUSDT,77079.2,3.16547e+08
1744210813005,BTCUSDT,77071.6,3.16547e+08
1744210815005,BTCUSDT,77071.6,3.16548e+08
1744210816006,BTCUSDT,77072,3.16542e+08
1744210817004,BTCUSDT,77071.6,3.16542e+08
1744210819005,BTCUSDT,77072,3.1654e+08
1744210821006,BTCUSDT,77071.6,3.1654e+08
1744210823005,BTCUSDT,77081.2,3.16647e+08
1744210824004,BTCUSDT,77071.4,3.16657e+08
1744210825005,BTCUSDT,77071.4,3.16657e+08
1744210826005,BTCUSDT,77071.4,3.16661e+08
1744210827005,BTCUSDT,77071.4,3.16661e+08
1744210828006,BTCUSDT,77071.6,3.16661e+08
1744210830005,BTCUSDT,77071.6,3.16689e+08
1744210831006,BTCUSDT,77078,3.16613e+08
1744210833004,BTCUSDT,77078,3.16626e+08
1744210837005,BTCUSDT,77077,3.16626e+08
1744210838005,BTCUSDT,77077,3.16628e+08
1744210839006,BTCUSDT,77077,3.16629e+08
1744210840004,BTCUSDT,77076.7,3.16631e+08
1744210841005,BTCUSDT,77076.7,3.16633e+08
1744210842007,BTCUSDT,77076.5,3.16659e+08
1744210865004,BTCUSDT,77081.2,3.16642e+08
1744210866005,BTCUSDT,76979.9,3.1664e+08
1744210867004,BTCUSDT,76979.9,3.1664e+08
1744210872005,BTCUSDT,76979.9,3.16636e+08
1744210873005,BTCUSDT,76979.9,3.16635e+08
1744210875007,BTCUSDT,76979.9,3.16632e+08
1744210877005,BTCUSDT,76979.9,3.16609e+08
1744210879005,BTCUSDT,76979.9,3.16609e+08
1744210881004,BTCUSDT,76979.9,3.16609e+08
1744210882006,BTCUSDT,76976.8,3.16611e+08
1744210888005,BTCUSDT,76970.9,3.16626e+08
1744210893006,BTCUSDT,76975.5,3.16587e+08
1744210895004,BTCUSDT,76970.9,3.16589e+08
1744210896004,BTCUSDT,76970.9,3.1659e+08
1744210897007,BTCUSDT,76970,3.16592e+08
1744210898005,BTCUSDT,76970,3.16594e+08
1744210899004,BTCUSDT,76970,3.16596e+08
1744210900004,BTCUSDT,76970,3.16597e+08
1744210901005,BTCUSDT,76969.5,3.16599e+08
1744210902004,BTCUSDT,76975.5,3.16634e+08
1744210903005,BTCUSDT,76965.9,3.16637e+08
1744210904006,BTCUSDT,76970.9,3.16638e+08
1744210905004,BTCUSDT,76970.9,3.16638e+08
1744210906006,BTCUSDT,76965.4,3.16631e+08
1744211734005,BTCUSDT,77505.4,3.16601e+08
1744211735006,BTCUSDT,77505.4,3.16601e+08
1744211736005,BTCUSDT,77505.4,3.16576e+08
1744211748005,BTCUSDT,77510,3.16505e+08
1744211749005,BTCUSDT,77510,3.16514e+08
1744211752005,BTCUSDT,77505.4,3.16478e+08
1744211753004,BTCUSDT,77505.3,3.1648e+08
1744211754005,BTCUSDT,77505.3,3.16482e+08
1744211755004,BTCUSDT,77505.3,3.16484e+08
1744211756005,BTCUSDT,77505.3,3.16484e+08
1744211757004,BTCUSDT,77505.3,3.16484e+08
1744211758004,BTCUSDT,77521.1,3.16503e+08
1744211767006,BTCUSDT,77521.3,3.16516e+08
1744211769004,BTCUSDT,77504.6,3.16519e+08
1744211775006,BTCUSDT,77538.5,3.16526e+08
1744211781004,BTCUSDT,77544,3.16464e+08
1744211782006,BTCUSDT,77547.6,3.16462e+08
1744211783004,BTCUSDT,77547.6,3.1646e+08
1744211785005,BTCUSDT,77521.1,3.16444e+08
1744211789005,BTCUSDT,77622.6,3.16362e+08
1744211791006,BTCUSDT,77624,3.16362e+08
1744211793005,BTCUSDT,77624,3.16364e+08
1744211794005,BTCUSDT,77624,3.16366e+08
1744211795004,BTCUSDT,77624,3.16368e+08
1744211796005,BTCUSDT,77624,3.1637e+08
1744211797005,BTCUSDT,77624,3.16368e+08
1744211800006,BTCUSDT,77624,3.16358e+08
1744211805004,BTCUSDT,77624,3.16358e+08
1744211806004,BTCUSDT,77625.7,3.16372e+08
1744211807005,BTCUSDT,77626,3.16372e+08
1744211809005,BTCUSDT,77626,3.16344e+08
1744211811004,BTCUSDT,77626,3.16344e+08
1744211812005,BTCUSDT,77624,3.16346e+08
1744211813006,BTCUSDT,77622.3,3.16374e+08
1744211814005,BTCUSDT,77622.3,3.16376e+08
1744211815004,BTCUSDT,77622.3,3.16378e+08
1744211818005,BTCUSDT,77622.3,3.16346e+08
1744211819004,BTCUSDT,77602.1,3.16376e+08
1744211823005,BTCUSDT,77602,3.16374e+08
1744211824004,BTCUSDT,77602,3.16374e+08
1744211825004,BTCUSDT,77446.6,3.16374e+08
1744211826004,BTCUSDT,77446.6,3.16352e+08
1744211827005,BTCUSDT,77575.4,3.16356e+08
1744211828004,BTCUSDT,77575.4,3.16379e+08
1744211829006,BTCUSDT,77575.4,3.16379e+08
1744211831006,BTCUSDT,77575.4,3.16379e+08
1744211832004,BTCUSDT,77575.4,3.16379e+08
1744211833005,BTCUSDT,77576,3.16376e+08
1744211834006,BTCUSDT,77567,3.16376e+08
1744211835005,BTCUSDT,77567,3.16375e+08
1744211837006,BTCUSDT,77567,3.16375e+08
1744217907007,BTCUSDT,78172.7,3.18747e+08
1744217908008,BTCUSDT,78174.2,3.1878e+08
1744217909006,BTCUSDT,78174.2,3.18781e+08
1744217910004,BTCUSDT,78174.2,3.18781e+08
1744217911008,BTCUSDT,78174.2,3.18782e+08
1744217912005,BTCUSDT,78174.9,3.18784e+08
1744217913006,BTCUSDT,78174.9,3.18786e+08
1744217914004,BTCUSDT,78218.7,3.18812e+08
1744217915007,BTCUSDT,78219.4,3.18812e+08
1744217916006,BTCUSDT,78170.3,3.18812e+08
1744217917005,BTCUSDT,78219.4,3.18808e+08
1744217919006,BTCUSDT,78170.3,3.18808e+08
1744217920005,BTCUSDT,78219.4,3.18809e+08
1744217921007,BTCUSDT,78221.1,3.18841e+08
1744217922005,BTCUSDT,78226,3.18805e+08
1744217923006,BTCUSDT,78227,3.18805e+08
1744217924006,BTCUSDT,78227,3.18806e+08
1744217925005,BTCUSDT,78227,3.18808e+08
1744217926007,BTCUSDT,78227,3.1881e+08
1744217929006,BTCUSDT,78227.1,3.1881e+08
1744217932006,BTCUSDT,78227.1,3.1881e+08
1744217933005,BTCUSDT,78226.8,3.18801e+08
1744217934005,BTCUSDT,78227.1,3.18817e+08
1744217935004,BTCUSDT,78227.1,3.18817e+08
1744217941005,BTCUSDT,78250,3.188e+08
1744217942004,BTCUSDT,78250,3.18801e+08
1744217944004,BTCUSDT,78250,3.18775e+08
1744217945005,BTCUSDT,78250.6,3.18809e+08
1744217946008,BTCUSDT,78250.7,3.18843e+08
1744217947006,BTCUSDT,78260,3.18843e+08
1744217951005,BTCUSDT,78260,3.18819e+08
1744217957006,BTCUSDT,78260,3.18807e+08
1744217962007,BTCUSDT,78260,3.18806e+08
1744217966005,BTCUSDT,78260,3.18772e+08
1744217971005,BTCUSDT,78249.4,3.18739e+08
1744217972019,BTCUSDT,78259.5,3.1869e+08
1744217973004,BTCUSDT,78249.4,3.1869e+08
1744217975007,BTCUSDT,78259.5,3.1869e+08
1744217977007,BTCUSDT,78259.5,3.18617e+08
1744217981004,BTCUSDT,78260.6,3.18703e+08
1744217982005,BTCUSDT,78260.6,3.18703e+08
1744217988005,BTCUSDT,78263.4,3.18712e+08
1744217993004,BTCUSDT,78259.9,3.18738e+08
1744218002006,BTCUSDT,78259.5,3.18706e+08
1744218004006,BTCUSDT,78259.5,3.18706e+08
1744218005004,BTCUSDT,78260,3.18705e+08
1744218008005,BTCUSDT,78260,3.18705e+08
1744218010006,BTCUSDT,78260.1,3.18746e+08
1744218011004,BTCUSDT,78270,3.18702e+08
1744218012006,BTCUSDT,78259.5,3.18761e+08
1744218014005,BTCUSDT,78270,3.1876e+08
1744218020005,BTCUSDT,78270.9,3.18787e+08
1744218026005,BTCUSDT,78271,3.18802e+08
1744218035005,BTCUSDT,78271,3.18784e+08
1744218038004,BTCUSDT,78259.5,3.18795e+08
1744218039005,BTCUSDT,78327.5,3.18795e+08
1744218041004,BTCUSDT,78259.5,3.18795e+08
1744218042004,BTCUSDT,78327.5,3.18795e+08
1744218043005,BTCUSDT,78327.5,3.18795e+08
1744218045005,BTCUSDT,78327.5,3.18785e+08
1744218048005,BTCUSDT,78325.5,3.18786e+08
1744218049004,BTCUSDT,78325.5,3.18786e+08
1744218050005,BTCUSDT,78325.5,3.18786e+08
1744218051005,BTCUSDT,78325.5,3.18785e+08
1744218052004,BTCUSDT,78325.5,3.18786e+08
1744218053005,BTCUSDT,78325.5,3.18786e+08
1744218054004,BTCUSDT,78325.5,3.18786e+08
1744218055004,BTCUSDT,78325.5,3.18785e+08
1744218056004,BTCUSDT,78324,3.18809e+08
1744218057005,BTCUSDT,78324,3.18809e+08
1744218058004,BTCUSDT,78324,3.1881e+08
1744218059004,BTCUSDT,78325.5,3.1881e+08
1744218061008,BTCUSDT,78325.5,3.18808e+08
1744218064006,BTCUSDT,78325.5,3.18809e+08
1744218065010,BTCUSDT,78325.5,3.18768e+08
1744218066005,BTCUSDT,78325.5,3.1877e+08
1744218067008,BTCUSDT,78325.5,3.18772e+08
1744218068005,BTCUSDT,78325.5,3.18771e+08
1744218069009,BTCUSDT,78325.5,3.18773e+08
1744218070004,BTCUSDT,78325.5,3.18773e+08
1744218071004,BTCUSDT,78325.5,3.18775e+08
1744218072004,BTCUSDT,78325.5,3.18761e+08
1744218073005,BTCUSDT,78324.2,3.18762e+08
1744218074005,BTCUSDT,78324.2,3.18762e+08
1744218075005,BTCUSDT,78324,3.18789e+08
1744218076005,BTCUSDT,78319.1,3.18787e+08
1744218077005,BTCUSDT,78319.1,3.18787e+08
1744218078005,BTCUSDT,78319.1,3.18789e+08
1744218079007,BTCUSDT,78319.1,3.18789e+08
1744218080005,BTCUSDT,78319.1,3.18758e+08
1744218082005,BTCUSDT,78319.1,3.18757e+08
1744218083005,BTCUSDT,78319.1,3.18753e+08
1744218085005,BTCUSDT,78319.1,3.18747e+08
1744218086005,BTCUSDT,78319.1,3.18743e+08
1744218087005,BTCUSDT,78319.1,3.18744e+08
1744218089005,BTCUSDT,78318.4,3.18741e+08
1744218091005,BTCUSDT,78318.4,3.18741e+08
1744218093005,BTCUSDT,78318.4,3.18741e+08
1744218095005,BTCUSDT,78318.4,3.18741e+08
1744218097004,BTCUSDT,78318.4,3.18741e+08
1744218098005,BTCUSDT,78318.4,3.18741e+08
1744218099004,BTCUSDT,78320,3.18758e+08
1744218101005,BTCUSDT,78318.4,3.18752e+08
1744218102005,BTCUSDT,78318.4,3.18751e+08
1744218103005,BTCUSDT,78320,3.18752e+08
1744218104005,BTCUSDT,78320,3.18677e+08
1744218105006,BTCUSDT,78320,3.18678e+08
1744218106004,BTCUSDT,78320,3.1868e+08
1744218108004,BTCUSDT,78320,3.18682e+08
1744218110005,BTCUSDT,78325.6,3.18724e+08
1744218113005,BTCUSDT,78325.6,3.18726e+08
1744218114008,BTCUSDT,78325.6,3.18727e+08
1744218115004,BTCUSDT,78325.6,3.18729e+08
1744218116004,BTCUSDT,78325.6,3.18682e+08
1744218117005,BTCUSDT,78325.6,3.18683e+08
1744218118004,BTCUSDT,78325.6,3.18683e+08
1744218119005,BTCUSDT,78372,3.18749e+08
1744218121005,BTCUSDT,78372,3.18731e+08
1744218123005,BTCUSDT,78372.9,3.18729e+08
1744218124006,BTCUSDT,78372,3.18729e+08
1744218125007,BTCUSDT,78372,3.18726e+08
1744218126005,BTCUSDT,78372,3.18721e+08
1744218128007,BTCUSDT,78372,3.18733e+08
1744218129006,BTCUSDT,78371.5,3.18712e+08
1744218130006,BTCUSDT,78371.5,3.18714e+08
1744218132004,BTCUSDT,78372.9,3.18714e+08
1744218134006,BTCUSDT,78374,3.18717e+08
1744218142005,BTCUSDT,78374,3.18676e+08
1744218146008,BTCUSDT,78374,3.18671e+08
1744218148005,BTCUSDT,78378.2,3.18684e+08
1744218155005,BTCUSDT,78378.2,3.18674e+08
1744218157006,BTCUSDT,78378.2,3.18603e+08
1744218158005,BTCUSDT,78378.6,3.18603e+08
1744218159006,BTCUSDT,78378.6,3.18603e+08
1744218160005,BTCUSDT,78378.6,3.18603e+08
1744218161005,BTCUSDT,78667.3,3.1869e+08
1744218162004,BTCUSDT,78666.9,3.18692e+08
1744218186005,BTCUSDT,78318.3,3.18732e+08
1744218187004,BTCUSDT,78605.5,3.18737e+08
1744218188006,BTCUSDT,78605.5,3.18737e+08
1744218189004,BTCUSDT,78605.5,3.18735e+08
1744218190005,BTCUSDT,78605.5,3.18736e+08
1744218191005,BTCUSDT,78605.5,3.18732e+08
1744218192004,BTCUSDT,78507.8,3.18732e+08
1744218193004,BTCUSDT,78507.8,3.1873e+08
1744218194005,BTCUSDT,78507.8,3.18728e+08
1744218197004,BTCUSDT,78605.5,3.18723e+08
1744218198006,BTCUSDT,78575.5,3.18724e+08
1744218199005,BTCUSDT,78575.5,3.18687e+08
1744218200005,BTCUSDT,78575.5,3.18689e+08
1744218202008,BTCUSDT,78575.5,3.18689e+08
1744218204005,BTCUSDT,78575.5,3.18689e+08
1744218210004,BTCUSDT,78575.5,3.18689e+08
1744218211006,BTCUSDT,78575.5,3.1868e+08
1744218216005,BTCUSDT,78575.5,3.1868e+08
1744218217006,BTCUSDT,78556.7,3.18697e+08
1744218219005,BTCUSDT,78556.6,3.18693e+08
1744218225005,BTCUSDT,78556.7,3.18693e+08
1744218226007,BTCUSDT,78556.7,3.1869e+08
1744218227005,BTCUSDT,78556.7,3.18665e+08
1744218228005,BTCUSDT,78556.7,3.18665e+08
1744218229009,BTCUSDT,78556.7,3.18661e+08
1744218230005,BTCUSDT,78556.7,3.18662e+08
1744218231005,BTCUSDT,78556.6,3.18707e+08
1744218232004,BTCUSDT,78556.6,3.18707e+08
1744218233004,BTCUSDT,78556.6,3.18707e+08
1744218234006,BTCUSDT,78556.6,3.18707e+08
1744218235006,BTCUSDT,78556.6,3.18707e+08
1744218237005,BTCUSDT,78556.6,3.18707e+08
1744218238005,BTCUSDT,78565.2,3.18707e+08
1744218239005,BTCUSDT,78565.2,3.18707e+08
1744218241007,BTCUSDT,78565.2,3.18707e+08
1744218242005,BTCUSDT,78565.2,3.18707e+08
1744218243004,BTCUSDT,78556,3.18744e+08
1744218244006,BTCUSDT,78553.7,3.18744e+08
1744218245005,BTCUSDT,78553.7,3.18697e+08
1744218246004,BTCUSDT,78553.9,3.18701e+08
1744218247005,BTCUSDT,78565.2,3.18737e+08
1744218248005,BTCUSDT,78564.8,3.18737e+08
1744218249005,BTCUSDT,78564.8,3.18737e+08
1744218253006,BTCUSDT,78564.8,3.18737e+08
1744218254005,BTCUSDT,78565.2,3.18737e+08
1744218259006,BTCUSDT,78565.2,3.18729e+08
1744218261005,BTCUSDT,78565.2,3.18729e+08
1744218264006,BTCUSDT,78564.8,3.18681e+08
1744218265004,BTCUSDT,78564.8,3.18681e+08
1744218269005,BTCUSDT,78564.8,3.18681e+08
1744218274007,BTCUSDT,78564.8,3.18681e+08
1744218277005,BTCUSDT,78565.2,3.1868e+08
1744218281005,BTCUSDT,78566,3.18704e+08
1744218285004,BTCUSDT,78566,3.18704e+08
1744218287005,BTCUSDT,78575.5,3.1872e+08
1744218288007,BTCUSDT,78575.5,3.1872e+08
1744218293005,BTCUSDT,78575.6,3.18662e+08
1744218294005,BTCUSDT,78575.6,3.18664e+08
1744218295004,BTCUSDT,78575.6,3.18666e+08
1744218296005,BTCUSDT,78575.6,3.18666e+08
1744218297005,BTCUSDT,78575.6,3.18667e+08
1744218300004,BTCUSDT,78698,3.18645e+08
1744218301007,BTCUSDT,78698,3.18645e+08
1744218302004,BTCUSDT,78698,3.18647e+08
1744218303004,BTCUSDT,78698,3.18649e+08
1744218304004,BTCUSDT,78698,3.18656e+08
1744218305005,BTCUSDT,78698,3.18656e+08
1744218306005,BTCUSDT,78698,3.18657e+08
1744218307005,BTCUSDT,78698,3.18681e+08
1744218308005,BTCUSDT,78698,3.18682e+08
1744218309005,BTCUSDT,78698,3.18682e+08
1744218310005,BTCUSDT,78698,3.18692e+08
1744218311005,BTCUSDT,78698,3.18631e+08
1744218312005,BTCUSDT,78684,3.18674e+08
1744218313005,BTCUSDT,78684,3.18677e+08
1744218314005,BTCUSDT,78684,3.18677e+08
1744218315004,BTCUSDT,78564.8,3.18736e+08
1744218317005,BTCUSDT,78564.8,3.18667e+08
1744218318004,BTCUSDT,78684.1,3.18668e+08
1744218319004,BTCUSDT,78684.1,3.18671e+08
1744218320005,BTCUSDT,78684.1,3.18671e+08
1744218324005,BTCUSDT,78687,3.18754e+08
1744218325005,BTCUSDT,78687,3.18754e+08
1744218326004,BTCUSDT,78687,3.18756e+08
1744218327005,BTCUSDT,78687,3.18757e+08
1744218328004,BTCUSDT,78687,3.18757e+08
1744218329006,BTCUSDT,78687,3.18757e+08
1744218330004,BTCUSDT,78687,3.18757e+08
1744218331004,BTCUSDT,78687,3.18758e+08
1744218332005,BTCUSDT,78687,3.18731e+08
1744218333005,BTCUSDT,78687,3.18758e+08
1744218334004,BTCUSDT,78687,3.1876e+08
1744218335005,BTCUSDT,78687,3.18762e+08
1744218337011,BTCUSDT,78687,3.18762e+08
1744218338004,BTCUSDT,78624,3.18781e+08
1744218346006,BTCUSDT,78624,3.18762e+08
1744218348005,BTCUSDT,78624,3.18759e+08
1744218350005,BTCUSDT,78624,3.18758e+08
1744218351007,BTCUSDT,78624,3.18758e+08
1744218352005,BTCUSDT,78622.1,3.18802e+08
1744218353004,BTCUSDT,78622.1,3.18802e+08
1744218354008,BTCUSDT,78622.1,3.18798e+08
1744218356005,BTCUSDT,78622.1,3.18798e+08
1744218357004,BTCUSDT,78622.1,3.18798e+08
1744218359005,BTCUSDT,78622.1,3.18798e+08
1744218360007,BTCUSDT,78622.1,3.18798e+08
1744218361007,BTCUSDT,78622.1,3.18825e+08
1744218363006,BTCUSDT,78622.1,3.18825e+08
1744218364005,BTCUSDT,78622.1,3.18824e+08
1744218365007,BTCUSDT,78622.1,3.18824e+08
1744218366004,BTCUSDT,78688.1,3.18827e+08
1744218367004,BTCUSDT,78622.1,3.18824e+08
1744218368004,BTCUSDT,78622.1,3.18824e+08
1744218369004,BTCUSDT,78622.1,3.18827e+08
1744218370004,BTCUSDT,78677.7,3.18829e+08
1744218371004,BTCUSDT,78677.7,3.18831e+08
1744218372006,BTCUSDT,78677.7,3.18805e+08
1744218373005,BTCUSDT,78677.7,3.18804e+08
1744218374005,BTCUSDT,78677.7,3.18805e+08
1744218375004,BTCUSDT,78677.7,3.18806e+08
1744218376004,BTCUSDT,78676,3.18802e+08
1744218377004,BTCUSDT,78676,3.18802e+08
1744218379005,BTCUSDT,78676,3.18798e+08
1744645328005,BTCUSDT,83951.2,2.83507e+08
1744645743004,BTCUSDT,83977.6,2.84248e+08
1744645744005,BTCUSDT,83977.6,2.84216e+08
1744645745005,BTCUSDT,83977.4,2.84216e+08
1744646137005,BTCUSDT,84090,2.84424e+08
1744646138006,BTCUSDT,84090,2.84424e+08
1744646139005,BTCUSDT,84090,2.84424e+08
1744646236005,BTCUSDT,84199.4,2.84369e+08
1744646237005,BTCUSDT,84188.7,2.84369e+08
1744646238005,BTCUSDT,84188.7,2.84362e+08
1744646418005,BTCUSDT,84104,2.849e+08
1744646419005,BTCUSDT,84104.4,2.84909e+08
1744646481006,BTCUSDT,84188,2.85136e+08
1744646485005,BTCUSDT,84188,2.85117e+08
1744646486004,BTCUSDT,84185.9,2.85117e+08
1744646547005,BTCUSDT,84235.9,2.84956e+08
1744646548007,BTCUSDT,84235.4,2.84955e+08
1744646549005,BTCUSDT,84235.4,2.84954e+08
1744646579004,BTCUSDT,84273.5,2.84822e+08
1744646580005,BTCUSDT,84282.4,2.84916e+08
1744646581005,BTCUSDT,84282.4,2.84916e+08
1744646758005,BTCUSDT,84258.1,2.84559e+08
1744646759005,BTCUSDT,84258,2.84559e+08
1744646760005,BTCUSDT,84258,2.84561e+08
1744646761004,BTCUSDT,84258,2.84563e+08
1744646762004,BTCUSDT,84258,2.84564e+08
1744646835005,BTCUSDT,84323.2,2.84729e+08
1744646836005,BTCUSDT,84324,2.84756e+08
1744646837004,BTCUSDT,84329.3,2.84758e+08
1744646838006,BTCUSDT,84329.3,2.84758e+08
1744646839006,BTCUSDT,84330,2.84757e+08
1744646840006,BTCUSDT,84330,2.84757e+08
1744646841006,BTCUSDT,84330,2.84757e+08
1744646842005,BTCUSDT,84330,2.84757e+08
1744646843005,BTCUSDT,84330,2.84766e+08
1744646844004,BTCUSDT,84330,2.84768e+08
1744646845005,BTCUSDT,84330,2.8477e+08
1744646846005,BTCUSDT,84330,2.8477e+08
1744646847004,BTCUSDT,84330.2,2.84775e+08
1744646848004,BTCUSDT,84330.2,2.84775e+08
1744646849004,BTCUSDT,84330.2,2.84775e+08
1744646850004,BTCUSDT,84330.2,2.84775e+08
1744646852004,BTCUSDT,84330.2,2.84775e+08
1744646853004,BTCUSDT,84330.2,2.84774e+08
1744646855005,BTCUSDT,84331.1,2.84828e+08
1744646857007,BTCUSDT,84331.1,2.84824e+08
1744646858005,BTCUSDT,84331.8,2.84842e+08
1744646859006,BTCUSDT,84331.8,2.84843e+08
1744646860005,BTCUSDT,84331.8,2.84843e+08
1744646861004,BTCUSDT,84331.8,2.84843e+08
1744646862004,BTCUSDT,84331.8,2.84843e+08
1744646863005,BTCUSDT,84331.8,2.84843e+08
1744646864004,BTCUSDT,84331.8,2.84843e+08
1744646865005,BTCUSDT,84331.8,2.84843e+08
1744646869006,BTCUSDT,84333.1,2.8492e+08
1744646870004,BTCUSDT,84333.1,2.8492e+08
1744646871006,BTCUSDT,84333.1,2.8492e+08
1744646872007,BTCUSDT,84333.1,2.84902e+08
1744646873005,BTCUSDT,84330.2,2.8496e+08
1744646874004,BTCUSDT,84330.2,2.8496e+08
1744646875004,BTCUSDT,84330.2,2.8496e+08
1744646876006,BTCUSDT,84330.2,2.84959e+08
1744646877007,BTCUSDT,84330.2,2.84958e+08
1744646878006,BTCUSDT,84357.1,2.84966e+08
1744646879005,BTCUSDT,84357.1,2.84968e+08
1744646880006,BTCUSDT,84357.1,2.8497e+08
1744646881005,BTCUSDT,84357.1,2.8497e+08
1744646882004,BTCUSDT,84357.1,2.8496e+08
1744646883005,BTCUSDT,84356,2.84987e+08
1744646884004,BTCUSDT,84356.3,2.84986e+08
1744646885004,BTCUSDT,84356.3,2.84986e+08
1744646886005,BTCUSDT,84356.4,2.84979e+08
1744646887005,BTCUSDT,84356,2.84979e+08
1744646888006,BTCUSDT,84356.2,2.84978e+08
1744646889005,BTCUSDT,84356.2,2.84978e+08
1744647231005,BTCUSDT,83885.7,2.85293e+08
1744647232005,BTCUSDT,83885.7,2.85293e+08
1744647233004,BTCUSDT,83885.7,2.85292e+08
1744647234004,BTCUSDT,83885.7,2.85292e+08
1744647235005,BTCUSDT,83885.7,2.85292e+08
1744647236006,BTCUSDT,83885.7,2.85292e+08
1744647472005,BTCUSDT,84217.5,2.85621e+08
1744647473006,BTCUSDT,84217.4,2.85621e+08
1744647474005,BTCUSDT,84217.4,2.85621e+08
1744647475004,BTCUSDT,84217.5,2.85621e+08
1744647476004,BTCUSDT,84217.5,2.85621e+08
1744647504005,BTCUSDT,84207.9,2.85527e+08
1744647505005,BTCUSDT,84207.9,2.85527e+08
1744647623004,BTCUSDT,84346.4,2.85505e+08
1744647624004,BTCUSDT,84346.4,2.85505e+08
1744647625006,BTCUSDT,84346.4,2.85505e+08
